,Sample,Type,Mass*1000,Date_weighed,Notes,...7,Empty,Sample_and_vial,Experiment_sample_date,Rep,Reservoir,Date_collected,Mass_mg,Experiment_treatment
1,b31mar21r3,init,99.49,44488,NA,NA,FALSE,FALSE,NA,2,b,3/31/21,99.49,b3
2,b31mar21sedr2,init,99.52,44494,NA,NA,FALSE,FALSE,NA,2,b,3/31/21,99.52,b3
3,b31mar21,init,99.4,44588,NA,NA,FALSE,FALSE,NA,2,b,3/31/21,99.4,b3
4,b31mar21r3,ext,100.01,44488,NA,NA,FALSE,FALSE,NA,2,b,3/31/21,100.01,b3
5,b31mar21sedr2,ext,99.54,44494,NA,NA,FALSE,FALSE,NA,2,b,3/31/21,99.54,b3
6,b31mar21,ext,99.77,44588,NA,NA,FALSE,FALSE,NA,2,b,3/31/21,99.77,b3
7,b31mar21r3,cont,100.03,44488,NA,NA,FALSE,FALSE,NA,2,b,3/31/21,100.03,b3
8,b31mar21sedr2,cont,99.76,44494,NA,NA,FALSE,FALSE,NA,2,b,3/31/21,99.76,b3
9,b31mar21,cont,99.49,44588,NA,NA,FALSE,FALSE,NA,2,b,3/31/21,99.49,b3
10,b10jun21r1,init,100.01,44448,NA,NA,FALSE,FALSE,NA,1,b,6/10/21,100.01,b1
11,b10jun21r1,ext,99.21,44448,NA,NA,FALSE,FALSE,NA,1,b,6/10/21,99.21,b1
12,b10jun21r1,cont,99.4,44448,NA,NA,FALSE,FALSE,NA,1,b,6/10/21,99.4,b1
13,b21jun21r1,init,100.09,44448,NA,NA,FALSE,FALSE,NA,1,b,6/21/21,100.09,b2
14,b21jun21r1,ext,99.13,44448,NA,NA,FALSE,FALSE,NA,1,b,6/21/21,99.13,b2
15,b21jun21r1,cont,99.29,44448,NA,NA,FALSE,FALSE,NA,1,b,6/21/21,99.29,b2
16,b21jun21r2,init,99.83,44447,NA,NA,FALSE,FALSE,NA,2,b,6/21/21,99.83,b2
17,b21jun21r2,ext,99.93,44447,NA,NA,FALSE,FALSE,NA,2,b,6/21/21,99.93,b2
18,b21jun21r2,cont,99.26,44447,NA,NA,FALSE,FALSE,NA,2,b,6/21/21,99.26,b2
19,b21jun21r3,init,100.04,44448,NA,NA,FALSE,FALSE,NA,3,b,6/21/21,100.04,b2
20,b21jun21r3,ext,99.73,44448,NA,NA,FALSE,FALSE,NA,3,b,6/21/21,99.73,b2
21,b21jun21r3,cont,99.76,44448,NA,NA,FALSE,FALSE,NA,3,b,6/21/21,99.76,b2
22,b21jun21r4,init,99.75,44446,NA,NA,FALSE,FALSE,NA,4,b,6/21/21,99.75,b2
23,b21jun21r4,ext,99.81,44446,NA,NA,FALSE,FALSE,NA,4,b,6/21/21,99.81,b2
24,b21jun21r4,cont,100,44446,NA,NA,FALSE,FALSE,NA,4,b,6/21/21,100,b2
25,b26jun21,init,99.66,44488,NA,NA,FALSE,FALSE,NA,NA,b,6/26/21,99.66,b2
26,b26jun21,ext,99.9,44488,NA,NA,FALSE,FALSE,NA,NA,b,6/26/21,99.9,b2
27,b26jun21,cont,99.3,44488,NA,NA,FALSE,FALSE,NA,NA,b,6/26/21,99.3,b2
28,b12jul21sedtrap,init,99.18,44588,NA,NA,FALSE,FALSE,NA,NA,b,7/12/21,99.18,b1
29,b12jul21sedtrap,ext,99.69,44588,NA,NA,FALSE,FALSE,NA,NA,b,7/12/21,99.69,b1
30,b12jul21sedtrap,cont,99.99,44588,NA,NA,FALSE,FALSE,NA,NA,b,7/12/21,99.99,b1
31,b9aug21sedtrap,init,100.08,44494,Processed Aug 15,NA,FALSE,FALSE,NA,NA,b,8/9/21,100.08,b9
32,b9aug21sedtrap,ext,100.07,44494,Processed Aug 15,NA,FALSE,FALSE,NA,NA,b,8/9/21,100.07,b9
33,b9aug21sedtrap,cont,100.06,44494,Processed Aug 15,NA,FALSE,FALSE,NA,NA,b,8/9/21,100.06,b9
34,b23aug21sedtrapwarm,init,91.79,44494,NA,NA,FALSE,FALSE,NA,NA,b,8/23/21,91.79,b2
35,b23aug21sedtrapwarm,ext,99.83,44494,NA,NA,FALSE,FALSE,NA,NA,b,8/23/21,99.83,b2
36,b23aug21sedtrapwarm,cont,99.39,44494,NA,NA,FALSE,FALSE,NA,NA,b,8/23/21,99.39,b2
37,b24aug21r1,init,99.78,44446,NA,NA,FALSE,FALSE,NA,1,b,8/24/21,99.78,b2
38,b24aug21r1,ext,99.65,44446,NA,NA,FALSE,FALSE,NA,1,b,8/24/21,99.65,b2
39,b24aug21r1,cont,99.82,44446,NA,NA,FALSE,FALSE,NA,1,b,8/24/21,99.82,b2
40,b24aug21r2,init,99.35,44447,NA,NA,FALSE,FALSE,NA,2,b,8/24/21,99.35,b2
41,b24aug21r2,ext,99.28,44447,NA,NA,FALSE,FALSE,NA,2,b,8/24/21,99.28,b2
42,b24aug21r2,cont,99.25,44447,NA,NA,FALSE,FALSE,NA,2,b,8/24/21,99.25,b2
43,b24aug21r3,init,99.2,44448,NA,NA,FALSE,FALSE,NA,3,b,8/24/21,99.2,b2
44,b24aug21r3,ext,99.37,44448,NA,NA,FALSE,FALSE,NA,3,b,8/24/21,99.37,b2
45,b24aug21r3,cont,99.53,44448,NA,NA,FALSE,FALSE,NA,3,b,8/24/21,99.53,b2
46,b24aug21r4,init,99.59,44454,NA,NA,FALSE,FALSE,NA,4,b,8/24/21,99.59,b2
47,b24aug21r4,ext,99.38,44454,NA,NA,FALSE,FALSE,NA,4,b,8/24/21,99.38,b2
48,b24aug21r4,cont,100.01,44454,NA,NA,FALSE,FALSE,NA,4,b,8/24/21,100.01,b2
49,b6sep21sedtrap,init,88.45,44494,NA,NA,FALSE,FALSE,NA,NA,b,9/6/21,88.45,b6
50,b6sep21sedtrap,ext,99.55,44494,NA,NA,FALSE,FALSE,NA,NA,b,9/6/21,99.55,b6
51,b6sep21sedtrap,cont,100.09,44494,NA,NA,FALSE,FALSE,NA,NA,b,9/6/21,100.09,b6
52,b21sep21r2,init,99.5,44537,NA,NA,FALSE,FALSE,NA,2,b,9/21/21,99.5,b2
53,b21sep21r2,ext,99.46,44537,NA,NA,FALSE,FALSE,NA,2,b,9/21/21,99.46,b2
54,b21sep21r2,cont,99.52,44537,NA,NA,FALSE,FALSE,NA,2,b,9/21/21,99.52,b2
55,b21sep21,init,91.67,44538,NA,NA,FALSE,FALSE,NA,NA,b,9/21/21,91.67,b2
56,b21sep21,ext,99.45,44538,NA,NA,FALSE,FALSE,NA,NA,b,9/21/21,99.45,b2
57,b21sep21,cont,99.2,44538,NA,NA,FALSE,FALSE,NA,NA,b,9/21/21,99.2,b2
58,b12oct21sedtrap,init,99.21,44537,NA,NA,FALSE,FALSE,NA,NA,b,10/12/21,99.21,b1
59,b12oct21sedtrap,ext,99.25,44537,NA,NA,FALSE,FALSE,NA,NA,b,10/12/21,99.25,b1
60,b12oct21sedtrap,cont,99.52,44537,NA,NA,FALSE,FALSE,NA,NA,b,10/12/21,99.52,b1
61,b26oct21sedtrap,init,99.59,44538,NA,NA,FALSE,FALSE,NA,NA,b,10/26/21,99.59,b2
62,b26oct21sedtrap,ext,99.36,44538,NA,NA,FALSE,FALSE,NA,NA,b,10/26/21,99.36,b2
63,b26oct21sedtrap,cont,99.18,44538,NA,NA,FALSE,FALSE,NA,NA,b,10/26/21,99.18,b2
64,b9nov21r1,init,99.44,44536,NA,NA,FALSE,FALSE,NA,1,b,11/9/21,99.44,b9
65,b9nov21r1,ext,99.63,44536,NA,NA,FALSE,FALSE,NA,1,b,11/9/21,99.63,b9
66,b9nov21r1,cont,99.32,44536,NA,NA,FALSE,FALSE,NA,1,b,11/9/21,99.32,b9
67,b9nov21r2,init,99.59,44536,NA,NA,FALSE,FALSE,NA,2,b,11/9/21,99.59,b9
68,b9nov21r2,ext,99.53,44536,NA,NA,FALSE,FALSE,NA,2,b,11/9/21,99.53,b9
69,b9nov21r2,cont,99.31,44536,NA,NA,FALSE,FALSE,NA,2,b,11/9/21,99.31,b9
70,b9nov21r3,init,99.34,44536,NA,NA,FALSE,FALSE,NA,3,b,11/9/21,99.34,b9
71,b9nov21r3,ext,99.82,44536,NA,NA,FALSE,FALSE,NA,3,b,11/9/21,99.82,b9
72,b9nov21r3,cont,99.95,44536,NA,NA,FALSE,FALSE,NA,3,b,11/9/21,99.95,b9
73,b9nov21r4,init,99.52,44537,NA,NA,FALSE,FALSE,NA,4,b,11/9/21,99.52,b9
74,b9nov21r4,ext,99.83,44537,NA,NA,FALSE,FALSE,NA,4,b,11/9/21,99.83,b9
75,b9nov21r4,cont,100.01,44537,NA,NA,FALSE,FALSE,NA,4,b,11/9/21,100.01,b9
76,f31mar21r3,init,99.93,44490,NA,NA,FALSE,FALSE,NA,2,f,3/31/21,99.93,f3
77,f31mar21r3,ext,99.93,44490,NA,NA,FALSE,FALSE,NA,2,f,3/31/21,99.93,f3
78,f31mar21r3,cont,99.91,44490,NA,NA,FALSE,FALSE,NA,2,f,3/31/21,99.91,f3
79,f10jun21r1,init,99.65,44446,NA,NA,FALSE,FALSE,NA,1,f,6/10/21,99.65,f1
80,f10jun21r1,ext,99.16,44446,NA,NA,FALSE,FALSE,NA,1,f,6/10/21,99.16,f1
81,f10jun21r1,cont,101.02,44446,NA,NA,FALSE,FALSE,NA,1,f,6/10/21,101.02,f1
82,f10jun21r2,init,99.73,44448,NA,NA,FALSE,FALSE,NA,2,f,6/10/21,99.73,f1
83,f10jun21r2,init,99.58,44459,Could be B instead,NA,FALSE,FALSE,NA,2,f,6/10/21,99.58,f1
84,f10jun21r2,ext,100.04,44448,NA,NA,FALSE,FALSE,NA,2,f,6/10/21,100.04,f1
85,f10jun21r2,ext,99.71,44459,Could be B instead,NA,FALSE,FALSE,NA,2,f,6/10/21,99.71,f1
86,f10jun21r2,cont,99.67,44448,NA,NA,FALSE,FALSE,NA,2,f,6/10/21,99.67,f1
87,f10jun21r2,cont,99.82,44459,Could be B instead,NA,FALSE,FALSE,NA,2,f,6/10/21,99.82,f1
88,f10jun21r2,NA,98.52,44588,Redo because of init and also it could be BVR instead of FCR,NA,FALSE,FALSE,NA,2,f,6/10/21,98.52,f1
89,f10jun21r3,init,99.49,44448,NA,NA,FALSE,FALSE,NA,3,f,6/10/21,99.49,f1
90,f10jun21r3,init,99.56,44494,Could be B instead,NA,FALSE,FALSE,NA,3,f,6/10/21,99.56,f1
91,f10jun21r3,ext,100.01,44448,NA,NA,FALSE,FALSE,NA,3,f,6/10/21,100.01,f1
92,f10jun21r3,ext,99.42,44494,Could be B instead,NA,FALSE,FALSE,NA,3,f,6/10/21,99.42,f1
93,f10jun21r3,cont,99.59,44448,NA,NA,FALSE,FALSE,NA,3,f,6/10/21,99.59,f1
94,f10jun21r3,cont,99.23,44494,Could be B instead,NA,FALSE,FALSE,NA,3,f,6/10/21,99.23,f1
95,f10jun21r4,init,99.49,44446,NA,NA,FALSE,FALSE,NA,4,f,6/10/21,99.49,f1
96,f10jun21r4,init,100.08,44459,NA,NA,FALSE,FALSE,NA,4,f,6/10/21,100.08,f1
97,f10jun21r4,ext,99.5,44446,NA,NA,FALSE,FALSE,NA,4,f,6/10/21,99.5,f1
98,f10jun21r4,ext,99.84,44459,NA,NA,FALSE,FALSE,NA,4,f,6/10/21,99.84,f1
99,f10jun21r4,cont,100.75,44446,NA,NA,FALSE,FALSE,NA,4,f,6/10/21,100.75,f1
100,f10jun21r4,cont,100.05,44459,NA,NA,FALSE,FALSE,NA,4,f,6/10/21,100.05,f1
101,f21jun21r1,init,100.07,44459,NA,NA,FALSE,FALSE,NA,1,f,6/21/21,100.07,f2
102,f21jun21r1,ext,99.47,44459,NA,NA,FALSE,FALSE,NA,1,f,6/21/21,99.47,f2
103,f21jun21r1,cont,99.25,44459,NA,NA,FALSE,FALSE,NA,1,f,6/21/21,99.25,f2
104,f21jun21r2,init,99.74,44538,NA,NA,FALSE,FALSE,NA,2,f,6/21/21,99.74,f2
105,f21jun21r2,ext,99.57,44538,NA,NA,FALSE,FALSE,NA,2,f,6/21/21,99.57,f2
106,f21jun21r2,cont,100.29,44538,NA,NA,FALSE,FALSE,NA,2,f,6/21/21,100.29,f2
107,f21jun21r2con,NA,100.17,44588,Redo because of init,NA,FALSE,FALSE,NA,2,f,6/21/21,100.17,f2
108,f21jun21r3,init,99.52,44454,NA,NA,FALSE,FALSE,NA,3,f,6/21/21,99.52,f2
109,f21jun21r3,ext,100.01,44454,NA,NA,FALSE,FALSE,NA,3,f,6/21/21,100.01,f2
110,f21jun21r3,cont,99.34,44454,NA,NA,FALSE,FALSE,NA,3,f,6/21/21,99.34,f2
111,f21jun21r4,init,99.57,44494,NA,NA,FALSE,FALSE,NA,4,f,6/21/21,99.57,f2
112,f21jun21r4,ext,99.87,44494,NA,NA,FALSE,FALSE,NA,4,f,6/21/21,99.87,f2
113,f21jun21r4,cont,99.52,44494,NA,NA,FALSE,FALSE,NA,4,f,6/21/21,99.52,f2
114,f21jun21sedtrap,init,99.71,44494,NA,NA,FALSE,FALSE,NA,NA,f,6/21/21,99.71,f2
115,f21jun21sedtrap,init,99.6,44588,NA,NA,FALSE,FALSE,NA,NA,f,6/21/21,99.6,f2
116,f21jun21sedtrap,ext,99.15,44494,NA,NA,FALSE,FALSE,NA,NA,f,6/21/21,99.15,f2
117,f21jun21sedtrap,ext,99.84,44588,NA,NA,FALSE,FALSE,NA,NA,f,6/21/21,99.84,f2
118,f21jun21sedtrap,cont,99.63,44494,NA,NA,FALSE,FALSE,NA,NA,f,6/21/21,99.63,f2
119,f21jun21sedtrap,cont,99.76,44588,NA,NA,FALSE,FALSE,NA,NA,f,6/21/21,99.76,f2
120,f8jul21sedtrap,init,77.62,44588,NA,NA,FALSE,FALSE,NA,NA,f,7/8/21,77.62,f8
121,f8jul21sedtrap,ext,82.92,44588,NA,NA,FALSE,FALSE,NA,NA,f,7/8/21,82.92,f8
122,f8jul21sedtrap,cont,87.88,44588,NA,NA,FALSE,FALSE,NA,NA,f,7/8/21,87.88,f8
123,f16aug21sedtrap,init,99.37,44588,Only enough sample left for ext,NA,FALSE,TRUE,NA,NA,f,8/16/21,99.37,f1
124,f16aug21sedtrap,ext,100.09,44588,Only enough sample left for ext,NA,FALSE,TRUE,NA,NA,f,8/16/21,100.09,f1
125,f16aug21sedtrap,cont,99.91,44588,Only enough sample left for ext,NA,FALSE,TRUE,NA,NA,f,8/16/21,99.91,f1
126,f24aug21r1,init,53.69,44588,NA,NA,FALSE,FALSE,NA,1,f,8/24/21,53.69,f2
127,f24aug21r1,ext,99.03,44588,NA,NA,FALSE,FALSE,NA,1,f,8/24/21,99.03,f2
128,f24aug21r1,cont,74.28,44588,NA,NA,FALSE,FALSE,NA,1,f,8/24/21,74.28,f2
129,f24aug21r2,ext,73.4,44588,Only enough sample left for ext,NA,FALSE,TRUE,NA,2,f,8/24/21,73.4,f2
130,f24aug21r4,ext,78.83,44588,Only enough sample left for ext,NA,FALSE,TRUE,NA,4,f,8/24/21,78.83,f2
131,f24aug21,ext,91.45,44454,Not enough sample,NA,FALSE,TRUE,NA,NA,f,8/24/21,91.45,f2
132,f24aug21,cont,6.06,44454,Not enough sample,NA,FALSE,TRUE,NA,NA,f,8/24/21,6.06,f2
133,f14sep21,init,99.69,44538,NA,NA,FALSE,FALSE,NA,NA,f,9/14/21,99.69,f1
134,f14sep21,ext,100.02,44538,NA,NA,FALSE,FALSE,NA,NA,f,9/14/21,100.02,f1
135,f14sep21,cont,99.5,44538,NA,NA,FALSE,FALSE,NA,NA,f,9/14/21,99.5,f1
136,f21sep21sedtrap,init,100.06,44538,NA,NA,FALSE,FALSE,NA,NA,f,9/21/21,100.06,f2
137,f21sep21sedtrap,ext,100.08,44538,NA,NA,FALSE,FALSE,NA,NA,f,9/21/21,100.08,f2
138,f21sep21sedtrap,cont,100.09,44538,NA,NA,FALSE,FALSE,NA,NA,f,9/21/21,100.09,f2
139,f11oct21sedtrap,init,99.72,44538,NA,NA,FALSE,FALSE,NA,NA,f,10/11/21,99.72,f1
140,f11oct21sedtrap,ext,99.85,44538,NA,NA,FALSE,FALSE,NA,NA,f,10/11/21,99.85,f1
141,f11oct21sedtrap,cont,99.82,44538,NA,NA,FALSE,FALSE,NA,NA,f,10/11/21,99.82,f1
142,f26oct21r1,init,46.14,44538,NA,NA,FALSE,FALSE,NA,1,f,10/26/21,46.14,f2
143,f26oct21r1,ext,100.04,44538,NA,NA,FALSE,FALSE,NA,1,f,10/26/21,100.04,f2
144,f26oct21r1,cont,60.93,44538,NA,NA,FALSE,FALSE,NA,1,f,10/26/21,60.93,f2
145,f26oct21r2,init,83.16,44537,NA,NA,FALSE,FALSE,NA,2,f,10/26/21,83.16,f2
146,f26oct21r2,ext,99.71,44537,NA,NA,FALSE,FALSE,NA,2,f,10/26/21,99.71,f2
147,f26oct21r2,cont,99.55,44537,NA,NA,FALSE,FALSE,NA,2,f,10/26/21,99.55,f2
148,f26oct21r3,init,93.39,44539,NA,NA,FALSE,FALSE,NA,3,f,10/26/21,93.39,f2
149,f26oct21r3,ext,99.55,44539,NA,NA,FALSE,FALSE,NA,3,f,10/26/21,99.55,f2
150,f26oct21r3,cont,99.23,44539,NA,NA,FALSE,FALSE,NA,3,f,10/26/21,99.23,f2
151,f26oct21r4,init,57.46,44539,NA,NA,FALSE,FALSE,NA,4,f,10/26/21,57.46,f2
152,f26oct21r4,ext,99.28,44539,NA,NA,FALSE,FALSE,NA,4,f,10/26/21,99.28,f2
153,f26oct21r4,cont,82.21,44539,NA,NA,FALSE,FALSE,NA,4,f,10/26/21,82.21,f2
154,f8nov21sedtrap,init,99.96,44537,NA,NA,FALSE,FALSE,NA,NA,f,11/8/21,99.96,f8
155,f8nov21sedtrap,ext,99.66,44537,NA,NA,FALSE,FALSE,NA,NA,f,11/8/21,99.66,f8
156,f8nov21sedtrap,cont,100.07,44537,NA,NA,FALSE,FALSE,NA,NA,f,11/8/21,100.07,f8
157,f9nov21r1,init,54.63,44539,NA,NA,FALSE,FALSE,NA,1,f,11/9/21,54.63,f9
158,f9nov21r1,ext,99.99,44539,Only enough left for 0.05,NA,FALSE,FALSE,NA,1,f,11/9/21,99.99,f9
159,f9nov21r1,cont,56.69,44539,NA,NA,FALSE,FALSE,NA,1,f,11/9/21,56.69,f9
160,f9nov21r2,init,99.93,44539,NA,NA,FALSE,FALSE,NA,2,f,11/9/21,99.93,f9
161,f9nov21r2,ext,99.66,44539,NA,NA,FALSE,FALSE,NA,2,f,11/9/21,99.66,f9
162,f9nov21r2,cont,100.01,44539,NA,NA,FALSE,FALSE,NA,2,f,11/9/21,100.01,f9
163,f9nov21r3,init,99.77,44539,NA,NA,FALSE,FALSE,NA,3,f,11/9/21,99.77,f9
164,f9nov21r3,ext,99.77,44539,NA,NA,FALSE,FALSE,NA,3,f,11/9/21,99.77,f9
165,f9nov21r3,cont,100,44539,NA,NA,FALSE,FALSE,NA,3,f,11/9/21,100,f9
166,f9nov21r4,init,99.72,44537,NA,NA,FALSE,FALSE,NA,4,f,11/9/21,99.72,f9
167,f9nov21r4,ext,99.29,44537,NA,NA,FALSE,FALSE,NA,4,f,11/9/21,99.29,f9
168,f9nov21r4,cont,99.29,44537,NA,NA,FALSE,FALSE,NA,4,f,11/9/21,99.29,f9
169,f22nov21sedtrap,init,99.21,44537,NA,NA,FALSE,FALSE,NA,NA,f,11/22/21,99.21,f2
170,f22nov21sedtrap,ext,99.63,44537,NA,NA,FALSE,FALSE,NA,NA,f,11/22/21,99.63,f2
171,f22nov21sedtrap,cont,99.82,44537,NA,NA,FALSE,FALSE,NA,NA,f,11/22/21,99.82,f2
172,30jun21r1expday0initialsed,init,100.05,44475,NA,NA,FALSE,FALSE,NA,1,NA,6/30/21,100.05,30
173,30jun21r1expday0initialsed,ext,100.06,44475,NA,NA,FALSE,FALSE,NA,1,NA,6/30/21,100.06,30
174,30jun21r1expday0initialsed,cont,100,44475,NA,NA,FALSE,FALSE,NA,1,NA,6/30/21,100,30
175,30jun21r2expday0initialsed,init,100,44475,NA,NA,FALSE,FALSE,NA,2,NA,6/30/21,100,30
176,30jun21r2expday0initialsed,ext,99.56,44475,NA,NA,FALSE,FALSE,NA,2,NA,6/30/21,99.56,30
177,30jun21r2expday0initialsed,cont,99.98,44475,NA,NA,FALSE,FALSE,NA,2,NA,6/30/21,99.98,30
178,30jun21r3expday0initialsed,init,99.95,44476,NA,NA,FALSE,FALSE,NA,3,NA,6/30/21,99.95,30
179,30jun21r3expday0initialsed,ext,99.52,44476,NA,NA,FALSE,FALSE,NA,3,NA,6/30/21,99.52,30
180,30jun21r3expday0initialsed,cont,99.56,44476,NA,NA,FALSE,FALSE,NA,3,NA,6/30/21,99.56,30
181,30jun21r4expday0initialsed,init,99.23,44488,NA,NA,FALSE,FALSE,NA,4,NA,6/30/21,99.23,30
182,30jun21r4expday0initialsed,ext,100.07,44488,NA,NA,FALSE,FALSE,NA,4,NA,6/30/21,100.07,30
183,30jun21r4expday0initialsed,cont,99.27,44488,NA,NA,FALSE,FALSE,NA,4,NA,6/30/21,99.27,30
184,aar1d13,init,100.08,44462,NA,NA,FALSE,FALSE,13,1,NA,NA,100.08,aa
185,aar1d13,ext,99.9,44462,NA,NA,FALSE,FALSE,13,1,NA,NA,99.9,aa
186,aar1d13,cont,99.9,44462,NA,NA,FALSE,FALSE,13,1,NA,NA,99.9,aa
187,aar2d13,init,99.88,44467,NA,NA,FALSE,FALSE,13,2,NA,NA,99.88,aa
188,aar2d13,ext,99.46,44467,NA,NA,FALSE,FALSE,13,2,NA,NA,99.46,aa
189,aar2d13,cont,99.74,44467,NA,NA,FALSE,FALSE,13,2,NA,NA,99.74,aa
190,aar3d13,init,99.37,44481,NA,NA,FALSE,FALSE,13,3,NA,NA,99.37,aa
191,aar3d13,ext,99.47,44481,NA,NA,FALSE,FALSE,13,3,NA,NA,99.47,aa
192,aar3d13,cont,99.36,44481,NA,NA,FALSE,FALSE,13,3,NA,NA,99.36,aa
193,aar1d16,init,99.91,44482,NA,NA,FALSE,FALSE,16,1,NA,NA,99.91,aa
194,aar1d16,ext,100.03,44482,NA,NA,FALSE,FALSE,16,1,NA,NA,100.03,aa
195,aar1d16,cont,99.72,44482,NA,NA,FALSE,FALSE,16,1,NA,NA,99.72,aa
196,aar2d16,init,99.71,44461,NA,NA,FALSE,FALSE,16,2,NA,NA,99.71,aa
197,aar2d16,ext,100.07,44461,NA,NA,FALSE,FALSE,16,2,NA,NA,100.07,aa
198,aar2d16,cont,100.02,44461,NA,NA,FALSE,FALSE,16,2,NA,NA,100.02,aa
199,aar3d16,init,99.53,44455,NA,NA,FALSE,FALSE,16,3,NA,NA,99.53,aa
200,aar3d16,ext,99.97,44455,NA,NA,FALSE,FALSE,16,3,NA,NA,99.97,aa
201,aar3d16,cont,100.03,44455,NA,NA,FALSE,FALSE,16,3,NA,NA,100.03,aa
202,aar1d2,init,99.16,44461,NA,NA,FALSE,FALSE,2,1,NA,NA,99.16,aa
203,aar1d2,ext,99.98,44461,NA,NA,FALSE,FALSE,2,1,NA,NA,99.98,aa
204,aar1d2,cont,100,44461,NA,NA,FALSE,FALSE,2,1,NA,NA,100,aa
205,aar2d2,init,99.79,44482,NA,NA,FALSE,FALSE,2,2,NA,NA,99.79,aa
206,aar2d2,ext,99.47,44482,NA,NA,FALSE,FALSE,2,2,NA,NA,99.47,aa
207,aar2d2,cont,99.23,44482,NA,NA,FALSE,FALSE,2,2,NA,NA,99.23,aa
208,aar3d2,init,99.43,44454,NA,NA,FALSE,FALSE,2,3,NA,NA,99.43,aa
209,aar3d2,ext,99.59,44454,NA,NA,FALSE,FALSE,2,3,NA,NA,99.59,aa
210,aar3d2,cont,100.02,44454,NA,NA,FALSE,FALSE,2,3,NA,NA,100.02,aa
211,aar1d20,init,100.09,44462,NA,NA,FALSE,FALSE,20,1,NA,NA,100.09,aa
212,aar1d20,ext,99.9,44462,NA,NA,FALSE,FALSE,20,1,NA,NA,99.9,aa
213,aar1d20,cont,100.04,44462,NA,NA,FALSE,FALSE,20,1,NA,NA,100.04,aa
214,aar2d20,init,100.03,44462,NA,NA,FALSE,FALSE,20,2,NA,NA,100.03,aa
215,aar2d20,ext,99.66,44462,NA,NA,FALSE,FALSE,20,2,NA,NA,99.66,aa
216,aar2d20,cont,100.01,44462,NA,NA,FALSE,FALSE,20,2,NA,NA,100.01,aa
217,aar3d20,init,99.4,44467,NA,NA,FALSE,FALSE,20,3,NA,NA,99.4,aa
218,aar3d20,ext,100.02,44467,NA,NA,FALSE,FALSE,20,3,NA,NA,100.02,aa
219,aar3d20,cont,99.56,44467,NA,NA,FALSE,FALSE,20,3,NA,NA,99.56,aa
220,aar1d23,init,99.26,44469,NA,NA,FALSE,FALSE,23,1,NA,NA,99.26,aa
221,aar1d23,ext,99.24,44469,NA,NA,FALSE,FALSE,23,1,NA,NA,99.24,aa
222,aar1d23,cont,99.73,44469,NA,NA,FALSE,FALSE,23,1,NA,NA,99.73,aa
223,aar2d23,init,99.72,44462,NA,NA,FALSE,FALSE,23,2,NA,NA,99.72,aa
224,aar2d23,ext,99.75,44462,NA,NA,FALSE,FALSE,23,2,NA,NA,99.75,aa
225,aar2d23,cont,99.52,44462,NA,NA,FALSE,FALSE,23,2,NA,NA,99.52,aa
226,aar3d23,init,99.3,44481,NA,NA,FALSE,FALSE,23,3,NA,NA,99.3,aa
227,aar3d23,ext,99.94,44481,NA,NA,FALSE,FALSE,23,3,NA,NA,99.94,aa
228,aar3d23,cont,99.61,44481,NA,NA,FALSE,FALSE,23,3,NA,NA,99.61,aa
229,aar1d6,init,99.63,44482,NA,NA,FALSE,FALSE,6,1,NA,NA,99.63,aa
230,aar1d6,ext,99.67,44482,NA,NA,FALSE,FALSE,6,1,NA,NA,99.67,aa
231,aar1d6,cont,99.44,44482,NA,NA,FALSE,FALSE,6,1,NA,NA,99.44,aa
232,aar2d6,init,99.24,44488,NA,NA,FALSE,FALSE,6,2,NA,NA,99.24,aa
233,aar2d6,ext,99.93,44488,NA,NA,FALSE,FALSE,6,2,NA,NA,99.93,aa
234,aar2d6,cont,100,44488,NA,NA,FALSE,FALSE,6,2,NA,NA,100,aa
235,aar3d6,init,99.14,44481,NA,NA,FALSE,FALSE,6,3,NA,NA,99.14,aa
236,aar3d6,ext,99.81,44481,NA,NA,FALSE,FALSE,6,3,NA,NA,99.81,aa
237,aar3d6,cont,99.62,44481,NA,NA,FALSE,FALSE,6,3,NA,NA,99.62,aa
238,aar1d9,init,99.81,44482,NA,NA,FALSE,FALSE,9,1,NA,NA,99.81,aa
239,aar1d9,ext,100.05,44482,NA,NA,FALSE,FALSE,9,1,NA,NA,100.05,aa
240,aar1d9,cont,99.57,44482,NA,NA,FALSE,FALSE,9,1,NA,NA,99.57,aa
241,aar2d9,init,100.06,44461,NA,NA,FALSE,FALSE,9,2,NA,NA,100.06,aa
242,aar2d9,ext,99.35,44461,NA,NA,FALSE,FALSE,9,2,NA,NA,99.35,aa
243,aar2d9,cont,99.77,44461,NA,NA,FALSE,FALSE,9,2,NA,NA,99.77,aa
244,aar3d9,init,100.01,44467,NA,NA,FALSE,FALSE,9,3,NA,NA,100.01,aa
245,aar3d9,ext,99.66,44467,NA,NA,FALSE,FALSE,9,3,NA,NA,99.66,aa
246,aar3d9,cont,99.62,44467,NA,NA,FALSE,FALSE,9,3,NA,NA,99.62,aa
247,aor1d13,init,100.09,44467,NA,NA,FALSE,FALSE,13,1,NA,NA,100.09,ao
248,aor1d13,ext,99.99,44467,NA,NA,FALSE,FALSE,13,1,NA,NA,99.99,ao
249,aor1d13,cont,99.48,44467,NA,NA,FALSE,FALSE,13,1,NA,NA,99.48,ao
250,aor2d13,init,99.42,44462,NA,NA,FALSE,FALSE,13,2,NA,NA,99.42,ao
251,aor2d13,ext,99.85,44462,NA,NA,FALSE,FALSE,13,2,NA,NA,99.85,ao
252,aor2d13,cont,99.72,44462,NA,NA,FALSE,FALSE,13,2,NA,NA,99.72,ao
253,aor3d13,init,100.02,44474,NA,NA,FALSE,FALSE,13,3,NA,NA,100.02,ao
254,aor3d13,ext,99.44,44474,NA,NA,FALSE,FALSE,13,3,NA,NA,99.44,ao
255,aor3d13,cont,99.24,44474,NA,NA,FALSE,FALSE,13,3,NA,NA,99.24,ao
256,aor1d14,init,99.39,44462,NA,NA,FALSE,FALSE,14,1,NA,NA,99.39,ao
257,aor1d14,ext,99.96,44462,NA,NA,FALSE,FALSE,14,1,NA,NA,99.96,ao
258,aor1d14,cont,99.76,44462,NA,NA,FALSE,FALSE,14,1,NA,NA,99.76,ao
259,aor2d14,init,99.69,44462,NA,NA,FALSE,FALSE,14,2,NA,NA,99.69,ao
260,aor2d14,ext,99.97,44462,NA,NA,FALSE,FALSE,14,2,NA,NA,99.97,ao
261,aor2d14,cont,99.76,44462,NA,NA,FALSE,FALSE,14,2,NA,NA,99.76,ao
262,aor3d14,init,100.03,44462,NA,NA,FALSE,FALSE,14,3,NA,NA,100.03,ao
263,aor3d14,ext,100.01,44462,NA,NA,FALSE,FALSE,14,3,NA,NA,100.01,ao
264,aor3d14,cont,99.97,44462,NA,NA,FALSE,FALSE,14,3,NA,NA,99.97,ao
265,aor1d15,init,99.978,44462,NA,NA,FALSE,FALSE,15,1,NA,NA,99.978,ao
266,aor1d15,ext,99.83,44462,NA,NA,FALSE,FALSE,15,1,NA,NA,99.83,ao
267,aor1d15,cont,100.09,44462,NA,NA,FALSE,FALSE,15,1,NA,NA,100.09,ao
268,aor2d15,init,99.45,44462,NA,NA,FALSE,FALSE,15,2,NA,NA,99.45,ao
269,aor2d15,ext,99.76,44462,NA,NA,FALSE,FALSE,15,2,NA,NA,99.76,ao
270,aor2d15,cont,99.63,44462,NA,NA,FALSE,FALSE,15,2,NA,NA,99.63,ao
271,aor3d15,init,100.07,44474,NA,NA,FALSE,FALSE,15,3,NA,NA,100.07,ao
272,aor3d15,ext,99.8,44474,NA,NA,FALSE,FALSE,15,3,NA,NA,99.8,ao
273,aor3d15,cont,100,44474,NA,NA,FALSE,FALSE,15,3,NA,NA,100,ao
274,aor1d16,init,99.46,44454,NA,NA,FALSE,FALSE,16,1,NA,NA,99.46,ao
275,aor1d16,ext,99.84,44454,NA,NA,FALSE,FALSE,16,1,NA,NA,99.84,ao
276,aor1d16,cont,99.72,44454,NA,NA,FALSE,FALSE,16,1,NA,NA,99.72,ao
277,aor2d16,init,99.18,44454,NA,NA,FALSE,FALSE,16,2,NA,NA,99.18,ao
278,aor2d16,ext,99.89,44454,NA,NA,FALSE,FALSE,16,2,NA,NA,99.89,ao
279,aor2d16,cont,99.1,44454,NA,NA,FALSE,FALSE,16,2,NA,NA,99.1,ao
280,aor3d16,init,99.24,44455,NA,NA,FALSE,FALSE,16,3,NA,NA,99.24,ao
281,aor3d16,ext,99.19,44455,NA,NA,FALSE,FALSE,16,3,NA,NA,99.19,ao
282,aor3d16,cont,99.89,44455,NA,NA,FALSE,FALSE,16,3,NA,NA,99.89,ao
283,aor1d2,init,99.71,44454,NA,NA,FALSE,FALSE,2,1,NA,NA,99.71,ao
284,aor1d2,ext,100.05,44454,NA,NA,FALSE,FALSE,2,1,NA,NA,100.05,ao
285,aor1d2,cont,99.92,44454,NA,NA,FALSE,FALSE,2,1,NA,NA,99.92,ao
286,aor2d2,init,99.49,44481,NA,NA,FALSE,FALSE,2,2,NA,NA,99.49,ao
287,aor2d2,ext,99.92,44481,NA,NA,FALSE,FALSE,2,2,NA,NA,99.92,ao
288,aor2d2,cont,99.73,44481,NA,NA,FALSE,FALSE,2,2,NA,NA,99.73,ao
289,aor3d2,init,99.55,44467,NA,NA,FALSE,FALSE,2,3,NA,NA,99.55,ao
290,aor3d2,ext,99.86,44467,NA,NA,FALSE,FALSE,2,3,NA,NA,99.86,ao
291,aor3d2,cont,99.94,44467,NA,NA,FALSE,FALSE,2,3,NA,NA,99.94,ao
292,aor1d20,init,99.43,44481,NA,NA,FALSE,FALSE,20,1,NA,NA,99.43,ao
293,aor1d20,ext,99.62,44481,NA,NA,FALSE,FALSE,20,1,NA,NA,99.62,ao
294,aor1d20,cont,100.09,44481,NA,NA,FALSE,FALSE,20,1,NA,NA,100.09,ao
295,aor2d20,init,99.46,44488,NA,NA,FALSE,FALSE,20,2,NA,NA,99.46,ao
296,aor2d20,ext,100.02,44488,NA,NA,FALSE,FALSE,20,2,NA,NA,100.02,ao
297,aor2d20,cont,99.73,44488,NA,NA,FALSE,FALSE,20,2,NA,NA,99.73,ao
298,aor3d20,init,99.43,44482,NA,NA,FALSE,FALSE,20,3,NA,NA,99.43,ao
299,aor3d20,ext,100.06,44482,NA,NA,FALSE,FALSE,20,3,NA,NA,100.06,ao
300,aor3d20,cont,99.34,44482,NA,NA,FALSE,FALSE,20,3,NA,NA,99.34,ao
301,aor1d23,init,99.48,44473,NA,NA,FALSE,FALSE,23,1,NA,NA,99.48,ao
302,aor1d23,ext,99.18,44473,NA,NA,FALSE,FALSE,23,1,NA,NA,99.18,ao
303,aor1d23,cont,99.72,44473,NA,NA,FALSE,FALSE,23,1,NA,NA,99.72,ao
304,aor2d23,init,99.26,44454,NA,NA,FALSE,FALSE,23,2,NA,NA,99.26,ao
305,aor2d23,ext,100.09,44454,NA,NA,FALSE,FALSE,23,2,NA,NA,100.09,ao
306,aor2d23,cont,99.28,44454,NA,NA,FALSE,FALSE,23,2,NA,NA,99.28,ao
307,aor3d23,init,99.58,44461,NA,NA,FALSE,FALSE,23,3,NA,NA,99.58,ao
308,aor3d23,ext,99.42,44461,NA,NA,FALSE,FALSE,23,3,NA,NA,99.42,ao
309,aor3d23,cont,99.82,44461,NA,NA,FALSE,FALSE,23,3,NA,NA,99.82,ao
310,aor1d34,init,99.82,44448,NA,NA,FALSE,FALSE,34,1,NA,NA,99.82,ao
311,aor1d34,ext,99.81,44448,NA,NA,FALSE,FALSE,34,1,NA,NA,99.81,ao
312,aor1d34,cont,99.19,44448,NA,NA,FALSE,FALSE,34,1,NA,NA,99.19,ao
313,aor2d34,init,99.52,44469,NA,NA,FALSE,FALSE,34,2,NA,NA,99.52,ao
314,aor2d34,ext,99.59,44469,NA,NA,FALSE,FALSE,34,2,NA,NA,99.59,ao
315,aor2d34,cont,99.65,44469,NA,NA,FALSE,FALSE,34,2,NA,NA,99.65,ao
316,aor3d34,init,99.81,44448,NA,NA,FALSE,FALSE,34,3,NA,NA,99.81,ao
317,aor3d34,ext,99.78,44448,NA,NA,FALSE,FALSE,34,3,NA,NA,99.78,ao
318,aor3d34,cont,99.19,44448,NA,NA,FALSE,FALSE,34,3,NA,NA,99.19,ao
319,aor1d6,init,99.57,44481,NA,NA,FALSE,FALSE,6,1,NA,NA,99.57,ao
320,aor1d6,ext,99.57,44481,NA,NA,FALSE,FALSE,6,1,NA,NA,99.57,ao
321,aor1d6,cont,99.97,44481,NA,NA,FALSE,FALSE,6,1,NA,NA,99.97,ao
322,aor2d6,init,100.04,44482,NA,NA,FALSE,FALSE,6,2,NA,NA,100.04,ao
323,aor2d6,ext,100.01,44482,NA,NA,FALSE,FALSE,6,2,NA,NA,100.01,ao
324,aor2d6,cont,100.09,44482,NA,NA,FALSE,FALSE,6,2,NA,NA,100.09,ao
325,aor1d9,init,99.5,44455,NA,NA,FALSE,FALSE,9,1,NA,NA,99.5,ao
326,aor1d9,ext,100.09,44455,NA,NA,FALSE,FALSE,9,1,NA,NA,100.09,ao
327,aor1d9,cont,100.06,44455,NA,NA,FALSE,FALSE,9,1,NA,NA,100.06,ao
328,aor2d9,init,99.55,44462,NA,NA,FALSE,FALSE,9,2,NA,NA,99.55,ao
329,aor2d9,ext,100,44462,NA,NA,FALSE,FALSE,9,2,NA,NA,100,ao
330,aor2d9,cont,99.92,44462,NA,NA,FALSE,FALSE,9,2,NA,NA,99.92,ao
331,aor3d9,init,99.97,44461,NA,NA,FALSE,FALSE,9,3,NA,NA,99.97,ao
332,aor3d9,init,99.36,44482,NA,NA,FALSE,FALSE,9,3,NA,NA,99.36,ao
333,aor3d9,ext,99.58,44461,NA,NA,FALSE,FALSE,9,3,NA,NA,99.58,ao
334,aor3d9,ext,100.02,44482,NA,NA,FALSE,FALSE,9,3,NA,NA,100.02,ao
335,aor3d9,cont,99.51,44461,NA,NA,FALSE,FALSE,9,3,NA,NA,99.51,ao
336,aor3d9,cont,99.51,44482,NA,NA,FALSE,FALSE,9,3,NA,NA,99.51,ao
337,oar3d13,init,99.77,44488,Bottom black layer,NA,FALSE,FALSE,13,3,NA,NA,99.77,oa
338,oar3d13toporangelayer,init,77.62,44588,NA,NA,FALSE,FALSE,13,3,NA,NA,77.62,oa
339,oar3d13,ext,99.54,44488,Bottom black layer,NA,FALSE,FALSE,13,3,NA,NA,99.54,oa
340,oar3d13toporangelayer,ext,99.67,44588,NA,NA,FALSE,FALSE,13,3,NA,NA,99.67,oa
341,oar3d13,cont,99.52,44488,Bottom black layer,NA,FALSE,FALSE,13,3,NA,NA,99.52,oa
342,oar3d13toporangelayer,cont,99.57,44588,NA,NA,FALSE,FALSE,13,3,NA,NA,99.57,oa
343,oar1d14,init,99.67,44462,NA,NA,FALSE,FALSE,14,1,NA,NA,99.67,oa
344,oar1d14,ext,99.78,44462,NA,NA,FALSE,FALSE,14,1,NA,NA,99.78,oa
345,oar1d14,cont,100.06,44462,NA,NA,FALSE,FALSE,14,1,NA,NA,100.06,oa
346,oar2d14,init,99.37,44473,NA,NA,FALSE,FALSE,14,2,NA,NA,99.37,oa
347,oar2d14,ext,99.79,44473,NA,NA,FALSE,FALSE,14,2,NA,NA,99.79,oa
348,oar2d14,cont,99.59,44473,NA,NA,FALSE,FALSE,14,2,NA,NA,99.59,oa
349,oar3d14,init,100.08,44475,NA,NA,FALSE,FALSE,14,3,NA,NA,100.08,oa
350,oar3d14,ext,99.42,44475,NA,NA,FALSE,FALSE,14,3,NA,NA,99.42,oa
351,oar3d14,cont,99.65,44475,NA,NA,FALSE,FALSE,14,3,NA,NA,99.65,oa
352,oar1d15,init,99.69,44448,NA,NA,FALSE,FALSE,15,1,NA,NA,99.69,oa
353,oar1d15,ext,100.05,44448,NA,NA,FALSE,FALSE,15,1,NA,NA,100.05,oa
354,oar1d15,cont,99.35,44448,NA,NA,FALSE,FALSE,15,1,NA,NA,99.35,oa
355,oar2d15,init,99.61,44474,NA,NA,FALSE,FALSE,15,2,NA,NA,99.61,oa
356,oar2d15,ext,99.32,44474,NA,NA,FALSE,FALSE,15,2,NA,NA,99.32,oa
357,oar2d15,cont,99.29,44474,NA,NA,FALSE,FALSE,15,2,NA,NA,99.29,oa
358,oar3d15,init,99.64,44456,NA,NA,FALSE,FALSE,15,3,NA,NA,99.64,oa
359,oar3d15,ext,100.01,44456,NA,NA,FALSE,FALSE,15,3,NA,NA,100.01,oa
360,oar3d15,cont,100.09,44456,NA,NA,FALSE,FALSE,15,3,NA,NA,100.09,oa
361,oar4d15,init,100.03,44461,NA,NA,FALSE,FALSE,15,4,NA,NA,100.03,oa
362,oar4d15,init,96.92,44538,NA,NA,FALSE,FALSE,15,4,NA,NA,96.92,oa
363,oar4d15,ext,99.57,44461,NA,NA,FALSE,FALSE,15,4,NA,NA,99.57,oa
364,oar4d15,cont,99.23,44461,NA,NA,FALSE,FALSE,15,4,NA,NA,99.23,oa
365,oar2d16,init,100.02,44481,NA,NA,FALSE,FALSE,16,2,NA,NA,100.02,oa
366,oar2d16,ext,99.61,44481,NA,NA,FALSE,FALSE,16,2,NA,NA,99.61,oa
367,oar2d16,cont,99.48,44481,NA,NA,FALSE,FALSE,16,2,NA,NA,99.48,oa
368,oar3d16,init,100.02,44482,NA,NA,FALSE,FALSE,16,3,NA,NA,100.02,oa
369,oar3d16,ext,99.97,44482,NA,NA,FALSE,FALSE,16,3,NA,NA,99.97,oa
370,oar3d16,cont,100,44482,NA,NA,FALSE,FALSE,16,3,NA,NA,100,oa
371,oar1d2,init,99.47,44488,NA,NA,FALSE,FALSE,2,1,NA,NA,99.47,oa
372,oar1d2,ext,99.54,44488,NA,NA,FALSE,FALSE,2,1,NA,NA,99.54,oa
373,oar1d2,cont,99.6,44488,NA,NA,FALSE,FALSE,2,1,NA,NA,99.6,oa
374,oar2d2,init,100.04,44476,NA,NA,FALSE,FALSE,2,2,NA,NA,100.04,oa
375,oar2d2,ext,99.15,44476,NA,NA,FALSE,FALSE,2,2,NA,NA,99.15,oa
376,oar2d2,cont,99.78,44476,NA,NA,FALSE,FALSE,2,2,NA,NA,99.78,oa
377,oar3d2,init,99.43,44481,NA,NA,FALSE,FALSE,2,3,NA,NA,99.43,oa
378,oar3d2,ext,99.74,44481,NA,NA,FALSE,FALSE,2,3,NA,NA,99.74,oa
379,oar3d2,cont,99.11,44481,NA,NA,FALSE,FALSE,2,3,NA,NA,99.11,oa
380,oar1d20,init,99.96,44462,NA,NA,FALSE,FALSE,20,1,NA,NA,99.96,oa
381,oar1d20,ext,99.93,44462,NA,NA,FALSE,FALSE,20,1,NA,NA,99.93,oa
382,oar1d20,cont,99.74,44462,NA,NA,FALSE,FALSE,20,1,NA,NA,99.74,oa
383,oar2d20,init,99.66,44462,NA,NA,FALSE,FALSE,20,2,NA,NA,99.66,oa
384,oar2d20,ext,99.47,44462,NA,NA,FALSE,FALSE,20,2,NA,NA,99.47,oa
385,oar2d20,cont,100.06,44462,NA,NA,FALSE,FALSE,20,2,NA,NA,100.06,oa
386,oar3d20,init,99.19,44475,NA,NA,FALSE,FALSE,20,3,NA,NA,99.19,oa
387,oar3d20,ext,99.5,44475,NA,NA,FALSE,FALSE,20,3,NA,NA,99.5,oa
388,oar3d20,cont,99.19,44475,NA,NA,FALSE,FALSE,20,3,NA,NA,99.19,oa
389,oar1d23,init,100.03,44462,NA,NA,FALSE,FALSE,23,1,NA,NA,100.03,oa
390,oar1d23,ext,99.87,44462,NA,NA,FALSE,FALSE,23,1,NA,NA,99.87,oa
391,oar1d23,cont,99.73,44462,NA,NA,FALSE,FALSE,23,1,NA,NA,99.73,oa
392,oar2d23,init,100.07,44461,NA,NA,FALSE,FALSE,23,2,NA,NA,100.07,oa
393,oar2d23,ext,100.03,44461,NA,NA,FALSE,FALSE,23,2,NA,NA,100.03,oa
394,oar2d23,cont,99.5,44461,NA,NA,FALSE,FALSE,23,2,NA,NA,99.5,oa
395,oar2d34,init,99.17,44482,NA,NA,FALSE,FALSE,34,2,NA,NA,99.17,oa
396,oar2d34,ext,99.37,44482,NA,NA,FALSE,FALSE,34,2,NA,NA,99.37,oa
397,oar2d34,cont,100.04,44482,NA,NA,FALSE,FALSE,34,2,NA,NA,100.04,oa
398,oar3d34,init,99.85,44454,NA,NA,FALSE,FALSE,34,3,NA,NA,99.85,oa
399,oar3d34,ext,100.09,44454,NA,NA,FALSE,FALSE,34,3,NA,NA,100.09,oa
400,oar3d34,cont,99.58,44454,NA,NA,FALSE,FALSE,34,3,NA,NA,99.58,oa
401,oar1d6,init,99.47,44454,NA,NA,FALSE,FALSE,6,1,NA,NA,99.47,oa
402,oar1d6,ext,100.03,44454,NA,NA,FALSE,FALSE,6,1,NA,NA,100.03,oa
403,oar1d6,cont,99.68,44454,NA,NA,FALSE,FALSE,6,1,NA,NA,99.68,oa
404,oar2d6,init,99.24,44448,NA,NA,FALSE,FALSE,6,2,NA,NA,99.24,oa
405,oar2d6,ext,99.5,44448,NA,NA,FALSE,FALSE,6,2,NA,NA,99.5,oa
406,oar2d6,cont,99.93,44448,NA,NA,FALSE,FALSE,6,2,NA,NA,99.93,oa
407,oar3d6,init,99.23,44454,NA,NA,FALSE,FALSE,6,3,NA,NA,99.23,oa
408,oar3d6,ext,100.03,44454,NA,NA,FALSE,FALSE,6,3,NA,NA,100.03,oa
409,oar3d6,cont,99.27,44454,NA,NA,FALSE,FALSE,6,3,NA,NA,99.27,oa
410,oar1d9,init,99.39,44462,NA,NA,FALSE,FALSE,9,1,NA,NA,99.39,oa
411,oar1d9,ext,99.6,44462,NA,NA,FALSE,FALSE,9,1,NA,NA,99.6,oa
412,oar1d9,cont,99.48,44462,NA,NA,FALSE,FALSE,9,1,NA,NA,99.48,oa
413,oar2d9,init,99.35,44475,NA,NA,FALSE,FALSE,9,2,NA,NA,99.35,oa
414,oar2d9,ext,99.94,44475,NA,NA,FALSE,FALSE,9,2,NA,NA,99.94,oa
415,oar2d9,cont,99.76,44475,NA,NA,FALSE,FALSE,9,2,NA,NA,99.76,oa
416,oar3d9,init,99.4,44488,NA,NA,FALSE,FALSE,9,3,NA,NA,99.4,oa
417,oar3d9,ext,100.07,44488,NA,NA,FALSE,FALSE,9,3,NA,NA,100.07,oa
418,oar3d9,cont,99.83,44488,NA,NA,FALSE,FALSE,9,3,NA,NA,99.83,oa
419,oor1d13,init,99.29,44454,NA,NA,FALSE,FALSE,13,1,NA,NA,99.29,oo
420,oor1d13,ext,99.98,44454,NA,NA,FALSE,FALSE,13,1,NA,NA,99.98,oo
421,oor1d13,cont,99.58,44454,NA,NA,FALSE,FALSE,13,1,NA,NA,99.58,oo
422,oor2d13,init,99.67,44482,NA,NA,FALSE,FALSE,13,2,NA,NA,99.67,oo
423,oor2d13,ext,100,44482,NA,NA,FALSE,FALSE,13,2,NA,NA,100,oo
424,oor2d13,cont,99.65,44482,NA,NA,FALSE,FALSE,13,2,NA,NA,99.65,oo
425,oor3d13,init,99.44,44488,Bottom black layer,NA,FALSE,FALSE,13,3,NA,NA,99.44,oo
426,oor3d13,ext,99.98,44488,Bottom black layer,NA,FALSE,FALSE,13,3,NA,NA,99.98,oo
427,oor3d13,cont,99.34,44488,Bottom black layer,NA,FALSE,FALSE,13,3,NA,NA,99.34,oo
428,oor1d16,init,99.89,44448,NA,NA,FALSE,FALSE,16,1,NA,NA,99.89,oo
429,oor1d16,ext,99.23,44448,NA,NA,FALSE,FALSE,16,1,NA,NA,99.23,oo
430,oor1d16,cont,100.01,44448,NA,NA,FALSE,FALSE,16,1,NA,NA,100.01,oo
431,oor2d16,init,100,44456,NA,NA,FALSE,FALSE,16,2,NA,NA,100,oo
432,oor2d16,ext,99.27,44456,NA,NA,FALSE,FALSE,16,2,NA,NA,99.27,oo
433,oor2d16,cont,99.49,44456,NA,NA,FALSE,FALSE,16,2,NA,NA,99.49,oo
434,oor3d16,init,99.58,44454,NA,NA,FALSE,FALSE,16,3,NA,NA,99.58,oo
435,oor3d16,ext,99.86,44454,NA,NA,FALSE,FALSE,16,3,NA,NA,99.86,oo
436,oor3d16,cont,99.86,44454,NA,NA,FALSE,FALSE,16,3,NA,NA,99.86,oo
437,oor2d2,init,99.26,44456,NA,NA,FALSE,FALSE,2,2,NA,NA,99.26,oo
438,oor2d2,ext,99.91,44456,NA,NA,FALSE,FALSE,2,2,NA,NA,99.91,oo
439,oor2d2,cont,99.78,44456,NA,NA,FALSE,FALSE,2,2,NA,NA,99.78,oo
440,oor3d2,init,99.4,44462,NA,NA,FALSE,FALSE,2,3,NA,NA,99.4,oo
441,oor3d2,ext,100.02,44462,NA,NA,FALSE,FALSE,2,3,NA,NA,100.02,oo
442,oor3d2,cont,100.05,44462,NA,NA,FALSE,FALSE,2,3,NA,NA,100.05,oo
443,oor1d20,init,99.92,44481,NA,NA,FALSE,FALSE,20,1,NA,NA,99.92,oo
444,oor1d20,ext,99.33,44481,NA,NA,FALSE,FALSE,20,1,NA,NA,99.33,oo
445,oor1d20,cont,99.41,44481,NA,NA,FALSE,FALSE,20,1,NA,NA,99.41,oo
446,oor2d20,init,99.51,44488,NA,NA,FALSE,FALSE,20,2,NA,NA,99.51,oo
447,oor2d20,ext,99.68,44488,NA,NA,FALSE,FALSE,20,2,NA,NA,99.68,oo
448,oor2d20,cont,100.07,44488,NA,NA,FALSE,FALSE,20,2,NA,NA,100.07,oo
449,oor3d20,init,99.38,44467,NA,NA,FALSE,FALSE,20,3,NA,NA,99.38,oo
450,oor3d20,ext,99.57,44467,NA,NA,FALSE,FALSE,20,3,NA,NA,99.57,oo
451,oor3d20,cont,99.23,44467,NA,NA,FALSE,FALSE,20,3,NA,NA,99.23,oo
452,oor1d23,init,99.58,44461,NA,NA,FALSE,FALSE,23,1,NA,NA,99.58,oo
453,oor1d23,ext,99.99,44461,NA,NA,FALSE,FALSE,23,1,NA,NA,99.99,oo
454,oor1d23,cont,99.6,44461,NA,NA,FALSE,FALSE,23,1,NA,NA,99.6,oo
455,oor2d23,init,99.58,44482,NA,NA,FALSE,FALSE,23,2,NA,NA,99.58,oo
456,oor2d23,ext,99.63,44482,NA,NA,FALSE,FALSE,23,2,NA,NA,99.63,oo
457,oor2d23,cont,100.01,44482,NA,NA,FALSE,FALSE,23,2,NA,NA,100.01,oo
458,oor3d23,init,99.46,44474,Changed vials because originical one broke,NA,FALSE,FALSE,23,3,NA,NA,99.46,oo
459,oor3d23,ext,100,44474,Changed vials because originical one broke,NA,FALSE,FALSE,23,3,NA,NA,100,oo
460,oor3d23,cont,99.16,44474,Changed vials because originical one broke,NA,FALSE,FALSE,23,3,NA,NA,99.16,oo
461,oor1d6,init,99.66,44462,NA,NA,FALSE,FALSE,6,1,NA,NA,99.66,oo
462,oor1d6,ext,100.09,44462,NA,NA,FALSE,FALSE,6,1,NA,NA,100.09,oo
463,oor1d6,cont,99.82,44462,NA,NA,FALSE,FALSE,6,1,NA,NA,99.82,oo
464,oor2d6,init,99.94,44473,NA,NA,FALSE,FALSE,6,2,NA,NA,99.94,oo
465,oor2d6,ext,100.04,44473,NA,NA,FALSE,FALSE,6,2,NA,NA,100.04,oo
466,oor2d6,cont,99.92,44473,NA,NA,FALSE,FALSE,6,2,NA,NA,99.92,oo
467,oor3d6,init,99.89,44454,NA,NA,FALSE,FALSE,6,3,NA,NA,99.89,oo
468,oor3d6,ext,100.05,44454,NA,NA,FALSE,FALSE,6,3,NA,NA,100.05,oo
469,oor3d6,cont,99.69,44454,NA,NA,FALSE,FALSE,6,3,NA,NA,99.69,oo
470,oor1d9,init,100.02,44482,NA,NA,FALSE,FALSE,9,1,NA,NA,100.02,oo
471,oor1d9,ext,99.17,44482,NA,NA,FALSE,FALSE,9,1,NA,NA,99.17,oo
472,oor1d9,cont,99.45,44482,NA,NA,FALSE,FALSE,9,1,NA,NA,99.45,oo
473,oor2d9,init,99.61,44467,NA,NA,FALSE,FALSE,9,2,NA,NA,99.61,oo
474,oor2d9,ext,100.03,44467,NA,NA,FALSE,FALSE,9,2,NA,NA,100.03,oo
475,oor2d9,cont,99.65,44467,NA,NA,FALSE,FALSE,9,2,NA,NA,99.65,oo
476,oor3d9,init,99.75,44482,NA,NA,FALSE,FALSE,9,3,NA,NA,99.75,oo
477,oor3d9,ext,99.76,44482,NA,NA,FALSE,FALSE,9,3,NA,NA,99.76,oo
478,oor3d9,cont,99.51,44482,NA,NA,FALSE,FALSE,9,3,NA,NA,99.51,oo
479,oor1d92,init,99.85,44488,NA,NA,FALSE,FALSE,92,1,NA,NA,99.85,oo
480,oor1d92,ext,99.6,44488,NA,NA,FALSE,FALSE,92,1,NA,NA,99.6,oo
481,oor1d92,cont,99.32,44488,NA,NA,FALSE,FALSE,92,1,NA,NA,99.32,oo
482,oor3d13-toporangelayer,init,54.06,NA,Weighing empty vials,NA,TRUE,FALSE,13,3,NA,NA,54.06,oo
483,oor3d13-toporangelayer,ext,89.82,NA,Weighing empty vials,NA,TRUE,FALSE,13,3,NA,NA,89.82,oo
484,oor3d13-toporangelayer,NA,75.83,NA,Weighing empty vials,NA,TRUE,FALSE,13,3,NA,NA,75.83,oo